n,model,command,mean,stddev,median,user,system,min,max
025,guards_in_return_expression,
025,static_guards_only,conjureoxide_expand_simple,0.11443445948,0.0014481242822784604,0.11443445948,0.08612658000000001,0.02329182,0.11341048098,0.11545843798000001
025,static_guards_only,conjureoxide_expand_ac,0.14758381198000003,0.0003496614748696111,0.14758381198000003,0.11140958000000001,0.024441320000000002,0.14733656398000003,0.14783105998
050,guards_in_return_expression,
050,static_guards_only,conjureoxide_expand_simple,0.12449639900000001,0.0025836076652163247,0.12449639900000001,0.09421341999999999,0.027914180000000004,0.12266951250000001,0.12632328550000002
050,static_guards_only,conjureoxide_expand_ac,0.14812280500000002,0.0009126846427876862,0.14812280500000002,0.11950941999999999,0.026233180000000002,0.14747743950000003,0.14876817050000002
075,guards_in_return_expression,
075,static_guards_only,conjureoxide_expand_simple,0.14334206408,0.008342551163349289,0.14334206408,0.10467904,0.030967619999999998,0.13744298958,0.14924113858000002
